event_timestamp,event_date,order_id,client_id
2019-07-02 16:18:00.196462,2019-07-02,7254551,7488582
2019-07-21 15:20:00.262502,2019-07-21,8078391,5522245
2019-08-06 14:13:00.915575,2019-08-06,0869699,14224301
2019-08-17 14:42:00.258731,2019-08-17,5994988,15662948
2019-08-26 19:01:00.157019,2019-08-26,6965829,23838593
2019-09-03 16:51:00.298181,2019-09-03,4949404,16264108
2019-09-11 23:52:00.335276,2019-09-11,9410399,5996894
2019-09-20 22:40:00.285121,2019-09-20,2483146,2372657
2019-09-30 17:28:00.176261,2019-09-30,4123181,15009574
2019-10-07 15:51:00.629535,2019-10-07,8149347,14104979
2019-10-13 22:59:00.297984,2019-10-13,3505117,3385706
2019-10-21 08:13:00.654018,2019-10-21,0323729,14101443
2019-10-25 20:46:00.266942,2019-10-25,4894542,4503896
2020-02-29 11:40:00.415208,2020-02-29,5398834,15472943
2020-03-07 15:33:00.408512,2020-03-07,0902014,16807705
2020-03-14 14:26:19.921171,2020-03-14,5230746,15108900
2020-03-20 06:44:00.745188,2020-03-20,5629104,15658066
2020-03-24 19:39:00.334358,2020-03-24,2189671,16350839
2020-03-26 14:17:00.420256,2020-03-26,1644611,1089822
2020-03-27 15:45:00.683415,2020-03-27,8064469,17749859
2020-03-29 10:37:00.336863,2020-03-29,9837407,3893677
2020-03-30 13:51:02.304146,2020-03-30,7521387,16222131
2020-03-31 14:51:00.720176,2020-03-31,7046371,5430094
2020-04-01 14:40:01.094701,2020-04-01,5060168,19545447
2020-04-02 10:57:00.898516,2020-04-02,1999362,15680196
2020-04-03 05:13:01.096590,2020-04-03,5809669,4924615
2020-04-03 21:21:01.449452,2020-04-03,4962954,15903923
2020-04-05 11:32:00.806546,2020-04-05,9089841,8141937
2020-04-06 16:10:00.215963,2020-04-06,1920072,17673371
2020-04-07 15:11:00.818747,2020-04-07,1920072,1298456
2020-04-08 12:14:00.649224,2020-04-08,5098956,2106196
2020-04-09 10:59:00.738409,2020-04-09,6083712,11276076
2020-04-10 07:18:00.494790,2020-04-10,9105144,17267165
2020-04-11 14:41:01.226420,2020-04-11,2076932,2799427
2020-04-13 09:47:00.348742,2020-04-13,6899755,9951766
2020-04-14 08:15:00.592143,2020-04-14,4570115,11405889
2020-04-15 13:24:00.238318,2020-04-15,8854777,15582584
2020-04-16 18:01:01.043359,2020-04-16,8854777,15582584
2020-04-18 17:57:00.222682,2020-04-18,8967872,15034868
2020-04-20 12:41:01.337271,2020-04-20,8967872,2998719
2020-04-21 14:26:00.409659,2020-04-21,9997305,15728625
2020-04-22 03:56:02.097160,2020-04-22,9665642,15747229
2020-04-22 04:37:06.029455,2020-04-22,8629071,17449983
2020-04-22 10:49:00.371108,2020-04-22,8629071,17388770
2020-04-23 12:30:00.620569,2020-04-23,2417834,17267165
2020-04-24 16:46:00.441754,2020-04-24,9630614,7471003
2020-04-25 12:36:01.331913,2020-04-25,1546391,5401783
2020-04-25 21:18:00.802071,2020-04-25,6675627,14209646
2020-04-26 14:06:00.399264,2020-04-26,6139914,8287285
2020-04-26 19:56:00.801465,2020-04-26,0300025,26515144
2020-04-27 12:42:00.579517,2020-04-27,7823379,4559292
2020-04-27 19:26:00.492984,2020-04-27,4510204,4066122
2020-04-28 12:24:01.570960,2020-04-28,5061177,16860702
2020-04-28 19:41:00.393054,2020-04-28,5085844,14686250
2020-04-29 13:29:01.479575,2020-04-29,0932155,15768024
2020-04-30 08:13:01.082832,2020-04-30,6107176,1168194
2020-04-30 21:30:00.666800,2020-04-30,1394736,10540873
2020-05-01 21:13:00.694603,2020-05-01,6336576,14909165
2020-05-02 13:28:01.548900,2020-05-02,6336576,14909165
2020-05-02 19:40:00.653954,2020-05-02,7873576,17223811
2020-05-03 11:55:01.676885,2020-05-03,8638616,17218638
2020-05-03 17:17:01.002450,2020-05-03,6498353,7488582
2020-05-04 02:21:02.063978,2020-05-04,5975048,7488582
2020-05-04 14:10:00.909324,2020-05-04,9540402,7488582
2020-05-04 22:52:00.277811,2020-05-04,4811637,18997009
2020-05-05 16:05:01.998313,2020-05-05,4000483,2840634
2020-05-06 15:10:00.731844,2020-05-06,4000483,16628198
2020-05-07 14:29:01.513519,2020-05-07,4003416,8165553
2020-05-08 15:21:00.700893,2020-05-08,5047558,15786557
2020-05-09 11:12:01.520036,2020-05-09,3177665,7608181
2020-05-09 17:14:00.489354,2020-05-09,9521667,15680196
2020-05-10 11:28:01.371300,2020-05-10,0413701,1965336
2020-05-10 17:23:01.022127,2020-05-10,8014237,14423826
2020-05-11 10:29:00.638614,2020-05-11,7850676,2166007
2020-05-11 16:26:00.947496,2020-05-11,9580234,32630520
2020-05-12 11:03:01.330893,2020-05-12,8244889,17267165
2020-05-12 18:04:00.686136,2020-05-12,1388566,15676484
2020-05-13 12:10:00.906976,2020-05-13,8620662,1529651
2020-05-14 13:38:00.466771,2020-05-14,8620662,1529651
2020-05-15 18:27:00.918848,2020-05-15,0434558,18147482
2020-05-16 12:38:01.902437,2020-05-16,8775551,16743239
2020-05-16 20:58:00.410176,2020-05-16,4117838,15810924
2020-05-17 11:52:01.485943,2020-05-17,0137343,12093276
2020-05-17 19:14:00.966507,2020-05-17,4119345,368744
2020-05-18 14:06:00.979018,2020-05-18,0193805,1348444
2020-05-19 10:16:00.570217,2020-05-19,2786939,15728625
2020-05-19 20:01:00.198873,2020-05-19,0976039,17388770
2020-05-20 17:43:01.083072,2020-05-20,9183376,14557309
2020-05-21 17:29:00.200460,2020-05-21,8816083,16336748
2020-05-22 17:16:00.785172,2020-05-22,0033205,17267165
2020-05-23 11:55:01.396425,2020-05-23,7062286,6959864
2020-05-23 18:08:00.615296,2020-05-23,3043766,443260
2020-05-24 11:30:00.694313,2020-05-24,3043766,16639295
2020-05-24 16:42:01.309617,2020-05-24,3741112,565198
2020-05-25 09:20:00.960228,2020-05-25,2920337,15680196
2020-05-25 16:11:00.577814,2020-05-25,8048374,6214677
2020-05-26 10:35:00.973928,2020-05-26,8596461,14675302
2020-05-26 17:27:00.376737,2020-05-26,9215911,11402721
2020-05-27 11:45:00.985064,2020-05-27,8406804,15676484
2020-05-27 18:05:00.514132,2020-05-27,5129491,15485873
2020-05-28 19:05:00.562946,2020-05-28,8598024,9251510
2020-05-29 19:13:00.377587,2020-05-29,0704622,16320505
2020-05-30 13:55:01.660906,2020-05-30,6429472,15295087
2020-05-30 21:12:00.289002,2020-05-30,2794833,17749859
2020-05-31 11:40:00.923059,2020-05-31,0907537,25986649
2020-05-31 16:56:00.611171,2020-05-31,3237386,14878806
2020-06-01 04:09:00.212429,2020-06-01,0449324,16386979
2020-06-01 13:39:00.750864,2020-06-01,0461345,17429654
2020-06-01 18:52:00.254629,2020-06-01,2094326,1341108
2020-06-02 10:36:00.720175,2020-06-02,2094326,4180831
2020-06-02 17:11:01.377381,2020-06-02,2907872,15658066
2020-06-03 08:59:00.499711,2020-06-03,8033391,24730212
2020-06-03 15:20:00.768387,2020-06-03,7984687,16515152
2020-06-04 13:55:00.697534,2020-06-04,7336085,13965082
2020-06-05 15:06:00.901766,2020-06-05,7199651,12756755
2020-06-06 10:25:00.493694,2020-06-06,3360355,16743239
2020-06-06 16:04:02.190921,2020-06-06,2685968,16743239
2020-06-07 09:28:00.398171,2020-06-07,7628291,16743239
2020-06-07 13:38:00.742567,2020-06-07,8685568,16743239
2020-06-07 18:38:00.479430,2020-06-07,0790546,16743239
2020-06-08 11:42:00.822582,2020-06-08,8163128,16743239
2020-06-08 16:17:00.389670,2020-06-08,2882688,16743239
2020-06-09 10:06:00.464611,2020-06-09,5444779,15425186
2020-06-09 15:37:00.531269,2020-06-09,2930933,15472943
2020-06-09 22:23:00.792591,2020-06-09,1707882,3285929
2020-06-10 13:53:00.467712,2020-06-10,5680163,1122819
2020-06-10 20:32:00.456819,2020-06-10,8989885,20189122
2020-06-11 18:47:00.376212,2020-06-11,1377843,4174415
2020-06-12 21:03:00.481172,2020-06-12,7494905,9935299
2020-06-13 13:26:01.785201,2020-06-13,7494905,9935299
2020-06-13 18:03:00.536032,2020-06-13,7494905,9935299
2020-06-14 05:04:00.254612,2020-06-14,3792704,16760808
2020-06-14 12:56:00.580126,2020-06-14,9501503,753204
2020-06-14 16:51:01.689229,2020-06-14,0974093,2179822
2020-06-15 04:24:00.634620,2020-06-15,6468415,4486779
2020-06-15 12:18:00.182499,2020-06-15,9663685,5090808
2020-06-15 18:29:00.197043,2020-06-15,2072601,17046451
2020-06-16 11:12:00.799475,2020-06-16,1227146,29424312
2020-06-16 16:20:00.803101,2020-06-16,1227146,14305428
2020-06-17 09:35:00.592064,2020-06-17,9476722,15323941
2020-06-17 16:24:00.533627,2020-06-17,9476722,1143484
2020-06-18 12:02:00.559798,2020-06-18,1997968,1269467
2020-06-19 13:09:01.239963,2020-06-19,5483001,4774999
2020-06-20 10:16:00.735437,2020-06-20,3754179,15715076
2020-06-20 15:35:00.573703,2020-06-20,3754179,5061183
2020-06-21 07:53:00.569665,2020-06-21,4513613,17673371
2020-06-21 13:30:00.734505,2020-06-21,6694824,898145
2020-06-21 18:37:00.260881,2020-06-21,5787637,15798190
2020-06-22 11:11:00.148785,2020-06-22,0408416,6518545
2020-06-22 15:41:00.350286,2020-06-22,6701786,15131146
2020-06-23 09:36:00.166505,2020-06-23,0120294,17749859
2020-06-23 15:48:00.251120,2020-06-23,5966806,16858530
2020-06-24 09:11:00.909437,2020-06-24,5966806,1497611
2020-06-24 16:33:00.209090,2020-06-24,3769789,14782576
2020-06-25 15:21:00.373552,2020-06-25,2404983,767113
2020-06-27 08:59:00.385937,2020-06-27,4214008,15199084
2020-06-27 15:55:00.473117,2020-06-27,2419669,15680196
2020-06-28 00:01:01.303606,2020-06-28,1110435,12771418
2020-06-28 13:01:00.303607,2020-06-28,4817694,17178720
2020-06-28 19:54:00.309665,2020-06-28,3966746,5964406
2020-06-29 11:56:00.399292,2020-06-29,5603445,13272623
2020-06-29 18:33:00.366334,2020-06-29,7198982,8428017
2020-06-30 13:06:00.642827,2020-06-30,1237984,16150548
2020-06-30 21:13:00.467196,2020-06-30,7980161,943224
2020-07-01 14:03:01.487686,2020-07-01,7937725,15266353
2020-07-02 12:21:00.305578,2020-07-02,5855945,17533690
2020-07-03 15:33:00.481147,2020-07-03,5855945,7932106
2020-07-04 14:38:00.453577,2020-07-04,5855945,17267165
2020-07-05 11:10:00.837540,2020-07-05,5855945,17388770
2020-07-05 17:07:00.552163,2020-07-05,6349632,2179822
2020-07-06 10:51:00.905610,2020-07-06,5743978,2179822
2020-07-06 16:48:00.643205,2020-07-06,1799407,2179822
2020-07-07 11:47:00.353259,2020-07-07,9403136,2179822
2020-07-07 19:00:00.278843,2020-07-07,7123402,2179822
2020-07-08 13:58:01.097704,2020-07-08,4583812,2179822
2020-07-09 10:12:00.173071,2020-07-09,3023616,9506726
2020-07-10 17:50:00.320450,2020-07-10,3023616,16774640
2020-07-11 14:39:00.218042,2020-07-11,9047735,10365710
2020-07-12 11:47:00.177647,2020-07-12,4783033,14087198
2020-07-12 20:11:00.277524,2020-07-12,9044696,3471037
2020-07-13 12:44:00.278089,2020-07-13,3476047,7176105
2020-07-13 19:32:00.338613,2020-07-13,6035849,7393481
2020-07-14 15:33:00.384230,2020-07-14,3661563,14705333
2020-07-15 08:40:00.329543,2020-07-15,6749223,16676162
2020-07-15 20:23:00.202668,2020-07-15,3748261,3829930
2020-07-17 14:43:00.295816,2020-07-17,8583069,9636430
2020-07-18 15:40:00.274260,2020-07-18,4881753,5413253
2020-07-19 14:34:00.221376,2020-07-19,2044046,6661526
2019-10-05 17:31:00.624199,2019-10-05,8400266,14675302
2019-10-27 19:11:01.683367,2019-10-27,3314971,9328286
2020-03-12 13:19:00.628219,2020-03-12,1236462,6301750
2020-03-26 18:18:00.061726,2020-03-26,5944066,7172828
2020-04-02 12:20:00.720694,2020-04-02,4088072,14909165
2020-04-05 17:18:00.428631,2020-04-05,9230115,4484954
2020-04-10 11:11:02.007829,2020-04-10,2862162,6026468
2020-04-15 17:06:00.230874,2020-04-15,2817534,15131146
2020-04-23 18:11:00.221243,2020-04-23,1506911,3733750
2020-05-03 10:20:00.326777,2020-05-03,3969154,3527
2020-05-09 15:10:01.355807,2020-05-09,3736387,16608488
2020-05-17 10:00:01.370589,2020-05-17,9445636,15199084
2020-05-25 22:01:02.259755,2020-05-25,7798765,5251157
2020-06-05 09:00:00.707288,2020-06-05,8100447,24790596
2020-06-18 21:50:01.212524,2020-06-18,8100447,17429654
2019-07-02 16:17:00.168801,2019-07-02,3888404,2076108
2019-07-09 20:29:00.350158,2019-07-09,5912172,16844227
2019-07-20 00:25:00.285338,2019-07-20,5118094,15680196
2019-07-29 17:15:00.119851,2019-07-29,5979739,17247865
2019-08-05 19:37:00.264061,2019-08-05,7379288,7414162
2019-08-13 12:36:00.114485,2019-08-13,6318246,6661526
2019-08-20 17:14:00.153022,2019-08-20,6784338,6661526
2019-08-27 15:26:00.212311,2019-08-27,0950563,6661526
2019-09-04 19:17:00.306861,2019-09-04,6550458,6661526
2019-09-13 16:31:00.905751,2019-09-13,5647802,6661526
2019-09-21 21:01:01.819403,2019-09-21,2071489,6661526
2019-09-29 08:04:00.194012,2019-09-29,4086344,15151802
2019-10-07 15:05:00.235083,2019-10-07,2785912,15810924
2019-10-16 23:22:00.220533,2019-10-16,6694509,15688163
2019-10-24 14:41:00.792269,2019-10-24,1508409,8976658
2020-02-26 20:11:01.346735,2020-02-26,5377422,15034868
2020-03-02 18:05:00.484246,2020-03-02,8524969,16336022
2020-03-08 09:10:00.211141,2020-03-08,7964874,15728625
2020-03-14 16:25:00.253861,2020-03-14,5487614,17388770
2020-03-21 13:24:00.486961,2020-03-21,7453733,14611919
2020-03-28 16:30:00.772862,2020-03-28,4700831,17449983
2020-04-07 14:39:00.201190,2020-04-07,7756989,16765197
2020-04-11 18:51:02.233796,2020-04-11,9663024,4884474
2020-04-14 17:11:00.601015,2020-04-14,0992723,702971
2020-04-17 23:08:00.302521,2020-04-17,6316658,31533296
2020-04-20 23:11:01.164050,2020-04-20,8107616,14441673
2020-04-24 07:04:00.411385,2020-04-24,4831022,15323941
2020-04-27 14:36:01.574783,2020-04-27,9814526,579461
2020-05-01 13:21:01.504455,2020-05-01,9021432,10690132
2020-05-05 14:23:00.224587,2020-05-05,1604106,17046451
2020-05-09 12:55:00.688876,2020-05-09,4472782,6218635
2020-05-14 11:32:00.506862,2020-05-14,8325291,4958233
2020-05-20 18:49:00.792657,2020-05-20,8325291,12353116
2020-05-26 01:09:00.316456,2020-05-26,8325291,12481870
2020-05-30 14:06:00.516408,2020-05-30,3975105,17093078
2020-06-05 15:48:00.591609,2020-06-05,5756893,16314342
2020-06-11 07:09:00.270239,2020-06-11,9237714,14595285
2020-06-15 18:11:00.374903,2020-06-15,3502888,17749859
2020-06-20 11:15:00.214920,2020-06-20,6505248,10203732
2020-06-25 06:11:00.180818,2020-06-25,8657808,10971956
2020-06-28 14:57:00.449276,2020-06-28,9455205,15673826
2020-07-03 09:21:00.163130,2020-07-03,8748083,14595285
2020-07-07 17:42:00.498702,2020-07-07,0851481,197167
2020-07-11 18:44:00.124008,2020-07-11,3761244,14177884
2019-07-01 19:43:00.190026,2019-07-01,1090861,15199084
2019-07-20 11:51:00.322774,2019-07-20,2483064,17919158
2019-07-30 23:10:00.161685,2019-07-30,2483064,11924905
2019-08-11 08:24:00.055547,2019-08-11,2483064,4575080
2019-08-20 23:03:00.234848,2019-08-20,5365235,5444134
2019-08-29 15:51:02.307389,2019-08-29,6243165,9836839
2019-09-06 17:06:00.154700,2019-09-06,7145401,2008647
2019-09-15 11:09:00.459606,2019-09-15,7253147,9299684
2019-09-22 19:48:00.173512,2019-09-22,1989914,17267165
2019-10-04 15:44:00.310516,2019-10-04,5531968,7511052
2019-10-11 15:51:00.534303,2019-10-11,7950723,148463
2019-10-17 12:46:00.202546,2019-10-17,7950723,4820928
2019-10-22 05:11:01.490944,2019-10-22,7950723,10944741
2020-02-24 16:31:01.013586,2020-02-24,1954848,3393311
2020-02-29 23:22:00.407386,2020-02-29,8495014,1621490
2020-03-08 18:20:00.353467,2020-03-08,9183643,14595285
2020-03-14 11:00:00.221904,2020-03-14,6312284,1937286
2020-03-21 13:21:01.259456,2020-03-21,1076343,16486562
2020-03-24 17:41:00.684363,2020-03-24,9685815,29328074
2020-03-26 11:37:00.674291,2020-03-26,8442036,13776815
2020-03-27 11:21:00.683477,2020-03-27,9061967,15680196
2020-03-28 14:52:00.434668,2020-03-28,0955516,1921111
2020-03-30 08:45:00.342881,2020-03-30,0375319,17267165
2020-03-31 11:17:00.588490,2020-03-31,4720691,8153848
2020-04-01 09:40:00.518303,2020-04-01,4011773,17046451
2020-04-01 23:21:00.266311,2020-04-01,9220769,29736065
2020-04-02 20:36:00.208535,2020-04-02,8890103,14333868
2020-04-03 16:20:00.761594,2020-04-03,2714069,15631308
2020-04-04 18:20:00.631119,2020-04-04,2064982,6288186
2020-04-05 23:57:00.582668,2020-04-05,2064982,5765760
2020-04-07 10:05:00.558063,2020-04-07,3716389,14007445
2020-04-07 22:10:00.903342,2020-04-07,9396769,6167621
2020-04-08 20:13:00.320317,2020-04-08,2801753,4869560
2020-04-10 10:34:00.421493,2020-04-10,9926176,3988740
2020-04-11 14:03:00.296517,2020-04-11,6601359,15798190
2020-04-13 16:08:00.610751,2020-04-13,1106453,10587706
2020-04-14 19:57:00.268452,2020-04-14,9146769,7809949
2020-04-15 20:01:00.133816,2020-04-15,4122178,17749859
2020-04-17 01:36:00.111329,2020-04-17,9087681,15658066
2020-04-18 17:08:00.319414,2020-04-18,5945058,9478394
2020-04-20 13:39:00.965829,2020-04-20,5167153,14878806
2020-04-21 12:18:00.916196,2020-04-21,8602682,34292502
2020-04-22 03:44:10.282219,2020-04-22,2420147,15662812
2020-04-22 04:27:03.693586,2020-04-22,3207319,15680196
2020-04-22 05:03:04.904121,2020-04-22,3207319,17673371
2020-04-23 11:47:00.865676,2020-04-23,3760571,17247865
2020-04-24 13:38:00.894730,2020-04-24,9472642,28988378
2020-04-25 10:40:00.610328,2020-04-25,9599745,10587706
2020-04-25 20:03:00.758157,2020-04-25,5395685,10587706
2020-04-26 13:47:00.829751,2020-04-26,8285279,10587706
2020-04-26 19:56:00.778467,2020-04-26,1322853,10587706
2020-04-27 14:01:00.930817,2020-04-27,8372743,10587706
2020-04-27 21:04:00.796577,2020-04-27,0305108,10587706
2020-04-28 14:30:00.615502,2020-04-28,9383074,10587706
2020-04-28 21:56:00.263369,2020-04-28,7001125,10587706
2020-04-29 15:31:01.331293,2020-04-29,8257127,10587706
2020-04-30 11:30:01.128036,2020-04-30,9392176,9653234
2020-05-01 10:47:01.279245,2020-05-01,1594014,14261247
2020-05-02 07:26:00.277497,2020-05-02,1594014,15684514
2020-05-02 14:18:00.721425,2020-05-02,0270838,2104721
2020-05-02 21:47:00.719078,2020-05-02,6885296,10434314
2020-05-03 13:26:00.417711,2020-05-03,0217505,17681286
2020-05-03 18:35:00.521182,2020-05-03,5827643,17845136
2020-05-04 11:59:00.874013,2020-05-04,8669929,4360169
2020-05-04 16:22:00.790561,2020-05-04,8669929,15662513
2020-05-05 10:33:00.729709,2020-05-05,3064249,3701923
2020-05-05 18:01:01.016243,2020-05-05,6406904,9864371
2020-05-06 14:52:00.632086,2020-05-06,3535844,18406139
2020-05-07 15:54:00.998794,2020-05-07,7524612,2544175
2020-05-08 16:51:00.470717,2020-05-08,7524612,7369274
2020-05-09 12:38:00.990478,2020-05-09,7524612,14626014
2020-05-09 18:51:00.694563,2020-05-09,4842775,1643316
2020-05-10 10:56:01.821183,2020-05-10,2493049,18043712
2020-05-10 18:15:00.596316,2020-05-10,1021835,10976809
2020-05-11 10:47:01.635470,2020-05-11,1284883,13411720
2020-05-11 18:24:00.965121,2020-05-11,1284883,14370045
2020-05-12 12:08:00.852272,2020-05-12,1971171,12465416
2020-05-12 19:40:00.793306,2020-05-12,4444338,3801649
2020-05-13 14:51:01.910874,2020-05-13,8824615,16762218
2020-05-14 10:27:00.629195,2020-05-14,4164341,6084619
2020-05-15 14:32:01.350646,2020-05-15,1923152,3701923
2020-05-16 12:12:00.838442,2020-05-16,1006034,3701923
2020-05-16 17:20:01.234373,2020-05-16,6514479,3701923
2020-05-17 11:43:01.403378,2020-05-17,5301161,3701923
2020-05-17 17:14:00.413572,2020-05-17,0808613,3701923
2020-05-18 11:12:00.628026,2020-05-18,7139461,12719118
2020-05-18 18:23:00.247215,2020-05-18,4306875,13697268
2020-05-19 13:52:01.194949,2020-05-19,2462237,16732092
2020-05-20 11:02:00.591194,2020-05-20,3869151,13581337
2020-05-20 22:03:01.045250,2020-05-20,2712078,16823454
2020-05-22 02:29:01.152592,2020-05-22,2712078,6374793
2020-05-23 06:28:00.480401,2020-05-23,1536223,16336022
2020-05-23 15:19:01.996550,2020-05-23,9865844,7924648
2020-05-23 23:23:00.603720,2020-05-23,8467644,15577483
2020-05-24 14:00:00.984587,2020-05-24,3220289,17267165
2020-05-24 19:33:00.698798,2020-05-24,7625751,15673826
2020-05-25 12:54:01.265075,2020-05-25,7887274,15680196
2020-05-25 18:01:00.505995,2020-05-25,2531077,17247865
2020-05-26 13:03:01.564280,2020-05-26,1224695,14382171
2020-05-26 21:02:00.407313,2020-05-26,9900952,17069320
2020-05-27 13:45:00.871707,2020-05-27,5483317,17673371
2020-05-28 12:39:00.368563,2020-05-28,3347165,17429654
2020-05-29 14:05:01.084933,2020-05-29,5674329,677794
2020-05-30 10:54:00.720821,2020-05-30,4247141,29029430
2020-05-30 15:55:00.415185,2020-05-30,4247141,9583966
2020-05-31 01:11:01.233539,2020-05-31,4247141,6690401
2020-05-31 12:39:01.131133,2020-05-31,7507695,15034868
2020-05-31 18:51:00.590388,2020-05-31,6450465,5606189
2020-06-01 10:26:01.077941,2020-06-01,3282923,17388770
2020-06-01 14:49:00.525964,2020-06-01,5811267,10921470
2020-06-01 20:50:00.527262,2020-06-01,2728905,14611919
2020-06-02 12:28:00.372524,2020-06-02,2728905,17449983
2020-06-02 18:15:00.578387,2020-06-02,0107045,13793748
2020-06-03 11:56:00.437903,2020-06-03,0107045,7995056
2020-06-03 19:52:00.625615,2020-06-03,2459972,17673371
2020-06-04 17:56:00.292846,2020-06-04,0030617,17673371
2020-06-05 17:15:00.393170,2020-06-05,9322552,17673371
2020-06-06 12:39:00.896792,2020-06-06,1018356,17673371
2020-06-06 17:05:01.299804,2020-06-06,5422586,17673371
2020-06-07 07:51:00.955157,2020-06-07,5422586,17673371
2020-06-07 14:16:00.458550,2020-06-07,7729979,15979672
2020-06-07 19:56:00.600640,2020-06-07,0748039,3102413
2020-06-08 11:53:00.625560,2020-06-08,7148312,7783521
2020-06-08 16:21:01.721065,2020-06-08,5409137,6577316
2020-06-09 04:59:00.759948,2020-06-09,0580859,16608488
2020-06-09 13:23:02.272807,2020-06-09,6557274,9101332
2020-06-09 17:41:00.977018,2020-06-09,9506365,17749859
2020-06-10 08:14:00.208906,2020-06-10,1292998,16232048
2020-06-10 14:43:01.322391,2020-06-10,9571207,7491020
2020-06-10 23:02:00.554873,2020-06-10,9571207,6481690
2020-06-11 17:55:00.532745,2020-06-11,7828771,3555633
2020-06-12 19:07:00.484355,2020-06-12,5080133,17429654
2020-06-13 10:38:00.699858,2020-06-13,5080133,14570341
2020-06-13 14:47:02.356132,2020-06-13,2571089,195170
2020-06-13 19:20:00.557999,2020-06-13,9748116,15658066
2020-06-14 10:21:00.688602,2020-06-14,0935687,16619657
2020-06-14 15:43:01.174450,2020-06-14,0935687,17208876
2020-06-14 21:16:00.647965,2020-06-14,2514419,33131149
2020-06-15 11:57:00.453600,2020-06-15,2502283,9101332
2020-06-15 16:19:00.255241,2020-06-15,8524601,9101332
2020-06-16 06:57:00.200403,2020-06-16,3126785,9101332
2020-06-16 14:15:00.573299,2020-06-16,3126785,9101332
2020-06-17 09:12:00.241737,2020-06-17,8567463,9101332
2020-06-17 15:29:01.001094,2020-06-17,8468396,9101332
2020-06-18 11:38:00.615161,2020-06-18,3043623,9101332
2020-06-19 12:58:00.488177,2020-06-19,2757497,9101332
2020-06-20 09:46:00.554063,2020-06-20,5784977,9101332
2020-06-20 15:33:00.659523,2020-06-20,6419082,9101332
2020-06-21 08:16:00.450054,2020-06-21,1063824,9101332
2020-06-21 13:46:00.645381,2020-06-21,4203733,9101332
2020-06-21 18:40:00.458804,2020-06-21,0966679,9101332
2020-06-22 10:55:00.426976,2020-06-22,4228883,1942796
2020-06-22 16:06:00.177868,2020-06-22,0711592,18556445
2020-06-23 08:24:00.498623,2020-06-23,6928886,2719148
2020-06-23 14:36:00.275707,2020-06-23,0319451,16760808
2020-06-23 22:06:00.560398,2020-06-23,5297668,1507605
2020-06-24 14:42:00.770577,2020-06-24,6856187,2514900
2020-06-25 10:43:00.468424,2020-06-25,6856187,2027040
2020-06-26 13:43:00.667260,2020-06-26,0963685,6983865
2020-06-27 11:50:00.658137,2020-06-27,2018445,11729722
2020-06-27 16:21:00.366791,2020-06-27,2381836,32884881
2020-06-28 08:26:00.364922,2020-06-28,9923419,17890696
2020-06-28 14:24:00.571258,2020-06-28,2995774,15680196
2020-06-28 21:06:00.544456,2020-06-28,5672424,16470699
2020-06-29 12:31:00.864045,2020-06-29,4702469,14675302
2020-06-29 19:37:00.384562,2020-06-29,8042269,17046451
2020-06-30 13:51:00.976233,2020-06-30,3319839,7375903
2020-07-01 02:59:00.133308,2020-07-01,0114551,1077936
2020-07-01 16:23:00.659102,2020-07-01,8641866,9374993
2020-07-02 17:37:00.523925,2020-07-02,9972357,16321635
2020-07-04 08:27:00.132310,2020-07-04,4356838,16608488
2020-07-04 18:04:00.372767,2020-07-04,3238004,17890696
2020-07-05 12:31:00.245382,2020-07-05,7191022,17890696
2020-07-05 19:57:00.344049,2020-07-05,5128192,17890696
2020-07-06 13:54:01.020530,2020-07-06,4717387,17890696
2020-07-06 21:07:00.275834,2020-07-06,0517318,17890696
2020-07-07 16:02:00.297288,2020-07-07,9341322,17890696
2020-07-08 11:08:00.158040,2020-07-08,9167303,17890696
2020-07-08 18:54:00.249650,2020-07-08,0819961,17890696
2020-07-10 00:43:00.365505,2020-07-10,8592985,13257462
2020-07-11 10:48:00.197825,2020-07-11,6342294,6450367
2020-07-11 23:23:00.140728,2020-07-11,6342294,3335726
2020-07-12 14:50:00.966535,2020-07-12,5312384,15715015
2020-07-13 02:51:00.353420,2020-07-13,1257931,15981073
2020-07-13 15:34:00.842360,2020-07-13,6009908,4914935
2020-07-14 11:31:00.273338,2020-07-14,7988408,17449983
2020-07-15 00:41:00.623640,2020-07-15,9844836,9840109
2020-07-15 22:12:00.289331,2020-07-15,1820787,17267165
2020-07-17 18:35:00.453524,2020-07-17,0270296,17388770
2020-07-18 17:39:00.309860,2020-07-18,2936722,15810924
2020-07-19 15:23:00.321147,2020-07-19,2936722,6924967
2019-09-29 19:25:00.103172,2019-09-29,9969641,15131146
2019-10-22 12:03:00.090631,2019-10-22,9118368,35821822
2020-03-08 15:16:00.484090,2020-03-08,5334374,18427982
2020-03-24 20:26:00.062238,2020-03-24,0896589,13145490
2020-03-30 16:17:00.839746,2020-03-30,2578943,1518930
2020-04-03 12:53:01.283292,2020-04-03,6791808,9043884
2020-04-08 16:44:00.258812,2020-04-08,9806609,1391010
2020-04-12 21:59:00.649179,2020-04-12,2194622,726347
2020-04-21 14:50:00.390418,2020-04-21,1059493,16760808
2020-05-02 16:50:00.957237,2020-05-02,4704813,17737585
2020-05-09 21:07:01.531907,2020-05-09,9186879,15131146
2020-05-17 09:24:00.951007,2020-05-17,9186879,15131146
2020-05-28 10:27:00.507049,2020-05-28,9173752,15131146
2020-06-07 12:27:00.622372,2020-06-07,1922716,15131146
2020-06-18 03:13:00.064125,2020-06-18,6874036,15131146
2019-07-02 17:39:00.208431,2019-07-02,2116362,15131146
2019-07-10 21:21:00.379120,2019-07-10,4038062,15131146
2019-07-19 20:34:00.194041,2019-07-19,0611768,15131146
2019-07-29 12:43:00.219982,2019-07-29,0611768,15676484
2019-08-04 08:18:00.085589,2019-08-04,9979693,2659407
2019-08-11 11:35:00.139189,2019-08-11,2387633,6532980
2019-08-18 19:36:00.268195,2019-08-18,5422672,16335225
2019-08-28 16:39:00.183836,2019-08-28,1985119,15250497
2019-09-05 14:56:00.174043,2019-09-05,1143723,14736644
2019-09-12 20:52:00.597723,2019-09-12,2681282,7238294
2019-09-22 12:31:00.721997,2019-09-22,8953908,17110003
2019-10-01 09:31:00.246338,2019-10-01,8851484,16336022
2019-10-08 15:41:00.605295,2019-10-08,1186064,17218638
2019-10-16 22:07:00.265809,2019-10-16,6693323,10299554
2019-10-22 18:11:01.133432,2019-10-22,7387841,17349182
2020-02-25 17:41:00.981384,2020-02-25,1493327,15673826
2020-02-29 07:03:00.258638,2020-02-29,2022473,4543398
2020-03-05 11:19:00.329393,2020-03-05,6129738,17218943
2020-03-11 13:57:00.150076,2020-03-11,3462074,2009511
2020-03-16 08:58:00.095339,2020-03-16,8472173,1703572
2020-03-25 18:42:00.335008,2020-03-25,8472173,62909
2020-04-06 02:26:00.201641,2020-04-06,4827453,9685098
2020-04-10 10:23:00.241667,2020-04-10,7522102,269316
2020-04-14 06:41:01.724136,2020-04-14,7522102,17673371
2020-04-17 10:54:00.565265,2020-04-17,3409585,15131146
2020-04-19 19:01:00.418995,2020-04-19,4086951,15131146
2020-04-22 23:58:01.095209,2020-04-22,6405061,15131146
2020-04-25 18:36:00.599881,2020-04-25,6533819,15131146
2020-04-29 14:41:00.380683,2020-04-29,2571251,15131146
2020-05-03 05:21:00.771772,2020-05-03,1091664,15131146
2020-05-07 09:53:00.134154,2020-05-07,2523186,15131146
2020-05-10 22:03:01.271259,2020-05-10,9819724,2511280
2020-05-14 19:12:00.868653,2020-05-14,5908585,13634146
2020-05-20 18:18:00.552037,2020-05-20,2986828,15034868
2020-05-25 16:06:00.315627,2020-05-25,1896055,15720775
2020-05-31 12:21:00.677142,2020-05-31,7913573,16810590
2020-06-05 18:02:00.141661,2020-06-05,5334168,2345365
2020-06-11 20:06:00.361054,2020-06-11,5507634,15634743
2020-06-16 09:15:00.594637,2020-06-16,8390836,17388770
2020-06-20 09:50:00.476189,2020-06-20,3327257,16448892
2020-06-24 14:41:00.825485,2020-06-24,7178903,15731491
2019-07-02 09:17:00.069413,2019-07-02,3975066,15131146
2019-07-17 23:37:00.083548,2019-07-17,7477838,7668798
2019-08-02 11:52:00.453287,2019-08-02,2160109,113436
2019-08-14 11:50:00.316663,2019-08-14,9580454,11310603
2019-08-22 18:49:00.137625,2019-08-22,2548641,16463435
2019-08-29 17:38:00.310567,2019-08-29,1145088,15131146